{"cameraMode":{"drawMode":0,"name":"Shaded","section":"Shading Mode"},"sceneLighting":false,"audioPlay":false,"sceneViewState":{"m_AlwaysRefresh":false,"showFog":true,"showSkybox":true,"showFlares":true,"showImageEffects":true,"showParticleSystems":true,"showVisualEffectGraphs":true,"m_FxEnabled":true},"in2DMode":false,"pivot":{"x":59.494239807128909,"y":6.62278938293457,"z":71.94963836669922},"rotation":{"x":0.00020767681417055428,"y":-0.7781684994697571,"z":0.00023132096976041794,"w":0.6280893087387085},"size":0.4364766478538513,"orthographic":false}